Synthetic_Week,resp,num_promoted,avg_bal
1,347,5,3417.46387283237
2,760,115,3060.485748938751
3,466,48,2942.4622575368076
4,103,1,3092.189620758483
6,0,0,3318.470588235294
7,4,1,2983.12
8,4,0,3047.0833333333335
9,0,1,3111.576923076923
10,2,0,3017.1052631578946
